<?xml version="1.0" encoding="utf-8" ?>
<dwsync>
<file name="allstatesansw-bold.eot" server="Z:/MyAccountEvo/" local="130512693640000000" remote="130512693640000000" Dst="2" />
<file name="allstatesansw-bold.svg" server="Z:/MyAccountEvo/" local="130512693640000000" remote="130512693640000000" Dst="2" />
<file name="allstatesansw-bold.ttf" server="Z:/MyAccountEvo/" local="130512693640000000" remote="130512693640000000" Dst="2" />
<file name="allstatesansw-bold.woff" server="Z:/MyAccountEvo/" local="130512693640000000" remote="130512693640000000" Dst="2" />
<file name="allstatesansw-regular.eot" server="Z:/MyAccountEvo/" local="130512693640000000" remote="130512693640000000" Dst="2" />
<file name="allstatesansw-regular.svg" server="Z:/MyAccountEvo/" local="130512693640000000" remote="130512693640000000" Dst="2" />
<file name="allstatesansw-regular.ttf" server="Z:/MyAccountEvo/" local="130512693640000000" remote="130512693640000000" Dst="2" />
<file name="allstatesansw-regular.woff" server="Z:/MyAccountEvo/" local="130512693640000000" remote="130512693640000000" Dst="2" />
<file name="glyphicons-halflings-regular.eot" server="Z:/MyAccountEvo/" local="130464281920000000" remote="130464281920000000" Dst="2" />
<file name="glyphicons-halflings-regular.svg" server="Z:/MyAccountEvo/" local="130464281920000000" remote="130464281920000000" Dst="2" />
<file name="glyphicons-halflings-regular.ttf" server="Z:/MyAccountEvo/" local="130464281920000000" remote="130464281920000000" Dst="2" />
<file name="glyphicons-halflings-regular.woff" server="Z:/MyAccountEvo/" local="130464281920000000" remote="130464281920000000" Dst="2" />
</dwsync>